Date,Monthly interest rate of UK monetary financial institutions (excl. Central Bank) sterling 2 year (60% LTV) fixed rate mortgage to households (in percent) not seasonally adjusted              [a] [b]             IUMZICQ,Monthly interest rate of UK monetary financial institutions (excl. Central Bank) sterling 2 year (75% LTV) fixed rate mortgage to households (in percent) not seasonally adjusted              [c] [d] [a] [b]             IUMBV34,Monthly interest rate of UK monetary financial institutions (excl. Central Bank) sterling 2 year (85% LTV) fixed rate mortgage to households (in percent) not seasonally adjusted              [a] [b]             IUMZICR,Monthly interest rate of UK monetary financial institutions (excl. Central Bank) sterling 2 year (90% LTV) fixed rate mortgage to households (in percent) not seasonally adjusted              [d] [e] [a] [b]             IUMB482,Monthly interest rate of UK monetary financial institutions (excl. Central Bank) sterling 2 year (95% LTV) fixed rate mortgage to households (in percent) not seasonally adjusted              [c] [a] [b]             IUM2WTL,Monthly interest rate of UK monetary financial institutions (excl. Central Bank) sterling 3 year (75% LTV) fixed rate mortgage to households (in percent) not seasonally adjusted              [c] [e] [a] [b]             IUMBV37,Monthly interest rate of UK monetary financial institutions (excl. Central Bank) sterling 5 year (75% LTV) fixed rate mortgage to households (in percent) not seasonally adjusted              [c] [e] [a] [b]             IUMBV42,Monthly interest rate of UK monetary financial institutions (excl. Central Bank) sterling 5 year (95% LTV) fixed rate mortgage to households (in percent) not seasonally adjusted              [c] [e] [a] [b]             IUM5WTL,Monthly interest rate of UK monetary financial institutions (excl. Central Bank) sterling 10 year (75% LTV) fixed rate mortgage to households (in percent) not seasonally adjusted              [c] [a] [b]             IUMBV45,Monthly interest rate of UK monetary financial institutions (excl. Central Bank) sterling 2 year (75% LTV) variable rate mortgage to households (in percent) not seasonally adjusted              [c] [f] [a] [b]             IUMBV48,Monthly interest rate of UK monetary financial institutions (excl. Central Bank) sterling 2 year (90% LTV) variable rate mortgage to households (in percent) not seasonally adjusted              [f] [a] [b] [g]             IUMB479,Monthly interest rate of UK monetary financial institutions (excl. Central Bank) sterling 2 year (95% LTV) variable rate mortgage to households (in percent) not seasonally adjusted              [h] [i] [a] [b]             IUM2WDT,Monthly interest rate of UK monetary financial institutions (excl. Central Bank) sterling Lifetime Tracker mortgage to households (in percent) not seasonally adjusted              [c] [j] [e] [k] [a] [b]             IUMBV24,Monthly interest rate of UK monetary financial institutions (excl. Central Bank) sterling revert-to-rate mortgage to households (in percent) not seasonally adjusted              [c] [a] [b]             IUMTLMV,Monthly interest rate of UK monetary financial institutions (excl. Central Bank) sterling 2 year (75% LTV) buy to let fixed rate mortgage to households (in percent) not seasonally adjusted              [a] [b]             IUMZID4,"Monthly interest rate of UK monetary financial institutions (excl. Central Bank) sterling personal loan, £5K to households (in percent) not seasonally adjusted              [l] [m] [a] [b]             IUMBX67","Monthly interest rate of UK monetary financial institutions (excl. Central Bank) sterling personal loan, £10K to households (in percent) not seasonally adjusted              [c] [l] [a] [b]             IUMHPTL",Monthly interest rate of UK monetary financial institutions (excl. Central Bank) sterling representative credit card lending to households (in percent) not seasonally adjusted              [c] [a] [b]             IUMCCTL,Monthly interest rate of UK monetary financial institutions (excl. Central Bank) sterling overdrafts to households (in percent) not seasonally adjusted              [n] [a] [b]             IUMODTL,Monthly interest rate of UK monetary financial institutions (excl. Central Bank) sterling instant access deposits including unconditional bonuses from households (in percent) not seasonally adjusted              [a] [b]             IUMB6VJ,Monthly interest rate of UK monetary financial institutions (excl. Central Bank) sterling instant access deposits excluding unconditional bonuses from households (in percent) not seasonally adjusted              [a] [b]             IUMB6VK,Monthly interest rate of UK monetary financial institutions (excl. Central Bank) sterling cash ISA deposits including unconditional bonuses from households (in percent) not seasonally adjusted              [e] [o] [o] [a] [b]             IUMB6VL,Monthly interest rate of UK monetary financial institutions (excl. Central Bank) sterling cash ISA deposits excluding unconditional bonuses from households (in percent) not seasonally adjusted              [e] [k] [a] [b]             IUMB6VM,Monthly interest rate of UK MFIs (excl. Central Bank) sterling one year fixed rate cash ISA deposits including unconditional bonuses from households (in percent) not seasonally adjusted              [e] [p] [p] [q] [a] [b]             IUMB6VN,Monthly interest rate of UK MFIs (excl. Central Bank) sterling two year fixed rate cash ISA deposits including unconditional bonuses from households (in percent) not seasona              [r] [a] [b]             IUMZID2,Monthly interest rate of UK MFIs (excl. Central Bank) sterling one year fixed rate bond deposits including unconditional bonuses from households (in percent) not seasonally adjusted              [c] [s] [e] [t] [a] [b]             IUMWTFA,Monthly interest rate of UK MFIs (excl. Central Bank) sterling two year fixed rate bond deposits including unconditional bonuses from households (in percent) not seasonally              [e] [u] [u] [a] [b]             IUMB6RH,Monthly interest rate of UK MFIs (excl. Central Bank) sterling three year fixed rate bond deposits including unconditional bonuses from households (in percent) not seasonally adjusted              [a] [b]             IUMB6RI
31-Oct-25,4.03,4.22,4.35,4.59,5.01,4.2,4.19,4.89,4.59,4.28,4.75,4.89,..,6.78,3.8,10.49,6.5,24.65,34.53,2.23,2.11,2.05,2.02,4.02,3.82,3.8,3.77,3.83
30-Sep-25,4.03,4.19,4.33,4.59,5.01,4.19,4.18,4.88,4.56,4.26,4.74,4.95,..,6.78,3.76,10.74,6.57,24.65,34.53,2.26,2.14,2.04,2.03,3.97,3.79,3.79,3.76,3.83
31-Aug-25,3.94,4.13,4.25,4.56,5,4.12,4.14,4.86,4.49,4.35,4.82,5.03,..,6.86,3.69,10.81,6.63,24.65,34.55,2.27,2.19,1.87,1.86,3.94,3.82,3.8,3.76,3.83
31-Jul-25,4.05,4.25,4.32,4.62,5.05,4.19,4.18,4.89,4.49,4.51,4.97,5,..,6.95,3.86,10.82,6.66,24.65,34.57,2.34,2.24,1.75,1.74,3.97,3.82,3.86,3.78,3.82
30-Jun-25,4.17,4.32,4.5,4.8,5.09,4.28,4.29,4.93,4.51,4.52,4.97,5.02,..,6.94,3.85,10.82,6.67,24.67,37.11,2.37,2.28,1.69,1.68,4.04,3.8,3.95,3.82,3.84
31-May-25,4.09,4.2,4.52,4.82,5.08,4.27,4.21,4.92,4.53,4.61,5.06,5.08,..,7.04,3.99,10.91,6.81,24.65,38.02,2.41,2.33,1.93,1.91,4.01,3.82,3.98,3.81,3.75
30-Apr-25,4.24,4.42,4.64,4.97,5.27,4.34,4.31,5.03,4.59,4.76,5.21,5.11,..,7.15,4.11,11.16,6.89,24.65,38.02,2.46,2.36,1.93,1.91,4.15,4.02,4.06,3.93,3.88
31-Mar-25,4.3,4.56,4.75,5.08,5.43,4.38,4.34,5.11,4.6,4.77,5.27,5.28,6.21,7.21,4.29,11.13,6.75,24.65,38.01,2.45,2.36,1.83,1.81,4.07,3.97,4.05,3.97,3.9
28-Feb-25,4.49,4.69,4.89,5.27,5.64,4.49,4.41,5.26,4.6,4.79,5.26,5.35,6.36,7.31,4.33,11.15,6.76,24.65,38.03,2.57,2.47,2.04,2.03,3.99,3.8,4.07,3.94,3.92
31-Jan-25,4.48,4.65,4.93,5.37,5.69,4.5,4.41,5.26,4.57,4.93,5.34,5.38,6.34,7.44,4.43,11.25,6.71,24.65,38.03,2.62,2.51,1.85,1.84,4,3.73,4.04,3.85,3.91
31-Dec-24,4.47,4.6,4.88,5.37,5.7,4.48,4.37,5.24,4.58,5.02,5.3,5.32,6.35,7.47,4.28,11.36,6.73,24.65,37.99,2.59,2.5,1.84,1.83,4.07,3.67,4.04,3.8,3.87
30-Nov-24,4.39,4.53,4.87,5.41,5.69,4.44,4.29,5.24,4.61,5.13,5.41,5.46,6.53,7.56,4.31,11.37,6.73,24.65,38.03,2.67,2.61,2.11,2.1,4.08,3.86,4.02,3.65,3.87
31-Oct-24,4.19,4.4,4.75,5.3,5.61,4.28,4.06,5.14,4.65,5.32,5.72,5.47,6.6,7.68,4.24,10.55,6.62,24.58,38.03,2.65,2.59,2.58,2.56,4.21,3.85,4.14,3.83,3.86
30-Sep-24,4.37,4.58,4.86,5.4,5.76,4.43,4.09,5.23,4.8,5.45,5.88,5.55,6.51,7.7,4.35,10.9,6.58,24.58,38.03,2.66,2.6,2.52,2.5,4.43,4.07,4.3,4.01,3.93
31-Aug-24,4.55,4.8,5.07,5.54,5.9,4.62,4.33,5.33,4.85,5.5,6.03,5.72,6.54,7.86,4.39,12.09,6.57,24.58,38.03,2.73,2.66,2.9,2.88,4.62,4.24,4.51,4.21,3.98
31-Jul-24,4.8,4.99,5.21,5.61,5.97,4.78,4.49,5.43,4.86,5.7,6.2,5.72,6.76,8.07,4.45,12.09,6.59,24.57,37.86,2.79,2.7,2.8,2.78,4.59,4.21,4.47,4.23,4.12
30-Jun-24,5,5.16,5.3,5.65,6.07,4.86,4.64,5.47,4.87,5.76,6.21,5.76,6.93,8.03,4.61,11.94,6.58,24.57,35.4,2.78,2.7,2.86,2.84,4.54,4.13,4.46,4.23,4.12
31-May-24,5.01,5.19,5.32,5.66,6.04,4.88,4.66,5.48,4.87,5.77,6.21,5.76,6.93,8,4.54,11.7,6.57,24.57,35.38,2.76,2.7,2.92,2.91,4.56,4.16,4.48,4.22,4.1
30-Apr-24,4.86,4.98,5.16,5.47,5.87,4.74,4.51,5.34,4.78,5.71,6.18,5.81,6.93,8,4.63,11.57,6.55,24.58,35.38,2.77,2.71,2.78,2.75,4.53,4.2,4.5,4.16,4.14
31-Mar-24,4.8,4.96,5.16,5.39,5.83,4.73,4.53,5.3,4.79,5.71,6.2,6.06,7.02,7.93,4.83,11.82,6.64,24.34,35.37,2.8,2.74,2.68,2.66,4.56,4.08,4.47,4.1,4.13
29-Feb-24,4.62,4.76,4.99,5.26,5.73,4.53,4.41,5.16,4.75,5.72,6.19,6.07,7.02,7.94,4.69,11.72,7.1,24.03,35.36,2.81,2.75,2.93,2.91,4.64,3.99,4.48,4.11,4.02
31-Jan-24,4.62,4.71,5.04,5.44,5.87,4.75,4.43,5.24,4.68,5.72,6.24,6.11,7.02,7.94,5.07,11.7,7.19,24.02,35.36,2.82,2.74,2.37,2.35,4.65,4.25,4.62,4.28,4.2
31-Dec-23,4.89,5.03,5.38,5.69,6.18,5.07,4.68,5.52,4.7,5.69,6.37,6.02,6.85,7.92,5.4,11.73,7.24,24.02,35.36,2.81,2.73,2.74,2.71,4.98,4.62,4.91,4.65,4.5
30-Nov-23,5.13,5.28,5.65,5.81,6.38,5.27,4.89,5.71,4.89,5.7,6.39,5.99,6.86,8,5.57,11.36,7.14,23.9,35.36,2.8,2.72,2.95,2.93,5.27,5.02,5.21,5.09,4.82
31-Oct-23,5.52,5.6,5.94,6.06,6.6,5.43,5.02,5.87,4.99,5.67,6.38,6.07,6.98,8.02,5.8,11.2,7.16,23.8,35.35,2.77,2.7,3.37,3.35,5.48,5.33,5.45,5.39,5.09
30-Sep-23,5.93,5.91,6.14,6.37,6.75,5.79,5.24,6.01,5.1,5.69,6.34,6.34,7.33,7.98,5.99,11.22,6.91,23.8,35.36,2.74,2.68,3.15,3.13,5.47,5.39,5.41,5.5,5.22
31-Aug-23,6.21,6.18,6.35,6.57,6.93,6.01,5.53,6.27,5.14,5.66,6.28,6.26,..,7.91,6.14,11.28,6.88,23.57,35.4,2.56,2.49,2.65,2.64,5.39,5.36,5.36,5.42,5.15
31-Jul-23,6.22,6.22,6.35,6.49,6.88,5.93,5.71,6.26,5.16,5.42,5.96,5.83,..,7.64,6.22,10.75,6.5,23.38,35.4,2.23,2.17,2.7,2.69,5.01,5.09,5.1,5.37,4.93
30-Jun-23,5.47,5.49,5.59,5.75,6.28,5.16,4.95,5.7,4.83,4.97,5.57,5.26,..,7.47,5.48,10.19,6.04,23.1,35.32,1.82,1.77,2.59,2.58,4.36,4.42,4.4,4.69,4.45
31-May-23,4.69,4.72,4.92,5.08,5.67,4.46,4.28,5.15,4.4,4.71,5.26,4.74,..,7.38,4.78,10.15,5.85,22.76,35.28,1.74,1.69,2.43,2.42,4.12,4.21,4.03,4.27,4.21
30-Apr-23,4.53,4.6,4.88,5.07,5.65,4.36,4.16,5.08,4.23,4.55,5.13,4.6,..,7.3,4.76,10.33,5.9,22.76,35.25,1.63,1.58,2.61,2.6,4.01,4.15,3.9,4.08,4.03
31-Mar-23,4.57,4.74,4.98,5.23,5.77,4.56,4.26,5.19,4.33,4.6,5,4.93,..,7.16,5.05,10.04,5.92,22.48,35.28,1.53,1.48,1.96,1.95,3.73,3.72,3.8,4.05,4.02
28-Feb-23,4.71,4.79,5.03,5.35,5.86,4.66,4.36,5.31,4.42,4.45,4.8,4.59,..,6.97,5.11,10.11,5.9,22.45,35.26,1.44,1.39,1.85,1.84,3.97,3.52,3.75,3.98,3.89
31-Jan-23,5.01,5.14,5.26,5.66,6.02,4.88,4.66,5.56,4.86,4.08,4.39,4.3,..,6.61,5.34,10.16,5.91,22.42,35.24,1.24,1.21,1.73,1.72,3.8,3.86,3.73,4.01,3.99
31-Dec-22,5.33,5.43,5.57,6,6.3,5.28,5.05,5.87,5,4.14,4.28,4.08,..,6.42,5.68,10.19,6.01,22.48,35.26,1.2,1.17,1.9,1.89,3.48,3.79,3.64,3.86,4.09
30-Nov-22,5.82,5.98,6.11,6.28,6.59,5.63,5.5,6.2,5.33,3.96,3.84,3.74,..,5.87,6,10.04,5.86,21.96,35.28,0.99,0.96,1.76,1.73,3.18,3.49,3.42,3.87,4.47
31-Oct-22,5.94,5.99,6.17,6.2,6.42,5.9,5.61,6.12,5.21,3.24,3.4,3.41,..,5.42,5.87,9.38,5.22,21.83,35.27,0.92,0.89,1.7,1.69,3.35,3.62,3.09,3.63,4.17
30-Sep-22,4.21,4.17,4.37,4.48,4.67,4.45,3.97,4.54,4.17,2.78,3.3,3.56,..,5.1,4.12,8.4,4.36,21.89,35.28,0.64,0.6,1.44,1.43,2.62,2.65,2.37,2.63,3.01
31-Aug-22,3.51,3.6,3.69,3.93,4.14,3.75,3.61,4.17,3.75,2.33,2.8,3.04,..,4.88,3.52,8.32,4.34,21.8,35.29,0.47,0.44,0.81,0.81,2.13,2.07,1.48,2.11,2.52
31-Jul-22,3.43,3.48,3.48,3.69,3.96,3.32,3.43,4,3.57,2.23,2.53,2.87,..,4.55,3.37,8.29,4.18,21.66,35.29,0.42,0.4,0.68,0.68,1.8,1.93,1.24,2.1,2.5
30-Jun-22,2.87,2.87,2.95,3.15,3.48,2.98,2.9,3.51,3.17,2.45,2.53,2.98,..,4.39,2.85,8.2,4.13,21.43,35.28,0.31,0.29,0.62,0.62,1.72,1.56,1.09,1.81,2.24
31-May-22,2.55,2.63,2.72,2.85,3.2,2.56,2.62,3.26,2.78,2.39,2.44,2.86,..,4.26,2.64,8.14,4.02,21.38,35.24,0.26,0.24,0.51,0.5,1.43,1.31,0.88,1.42,1.85
30-Apr-22,2.25,2.35,2.46,2.58,2.95,2.26,2.35,3.11,2.64,2.32,2.35,2.74,..,4.11,2.43,8.32,4,21.41,34.12,0.22,0.21,0.48,0.48,0.96,1.19,0.68,1.45,1.7
31-Mar-22,2.01,2.14,2.22,2.38,2.8,2.03,2.11,3.08,2.5,2.01,2.42,2.86,..,3.99,2.12,7.92,3.89,21.42,33.99,0.15,0.15,0.47,0.47,0.81,1.04,0.57,1.1,1.28
28-Feb-22,1.65,1.78,1.87,2.03,2.72,1.79,1.79,3.05,2.24,1.75,2.34,2.82,..,3.84,1.78,7.73,3.84,21.44,33.95,0.12,0.11,0.31,0.31,0.69,0.6,0.44,1.17,1.2
31-Jan-22,1.42,1.64,1.74,1.95,2.73,1.63,1.63,3.07,2.34,1.51,2.4,2.93,..,3.67,1.7,7.82,3.94,21.43,33.84,0.11,0.11,0.31,0.31,0.54,0.52,0.36,0.54,1.02
31-Dec-21,1.39,1.57,1.71,1.95,2.77,1.39,1.59,3.11,2.44,1.65,2.45,3.18,..,3.61,1.7,7.96,3.96,21.42,33.93,0.11,0.11,0.19,0.19,0.43,0.32,0.31,0.54,0.84
30-Nov-21,1.35,1.53,1.74,2.02,2.91,1.38,1.52,3.2,2.5,1.69,2.52,3.25,..,3.59,1.67,7.76,3.87,21.42,33.89,0.11,0.1,0.21,0.21,0.46,0.35,0.28,0.46,0.76
31-Oct-21,1.13,1.29,1.68,2.04,2.98,1.12,1.3,3.28,2.53,1.79,2.62,3.34,..,3.6,1.65,7.74,3.89,21.48,33.83,0.11,0.11,0.17,0.17,0.41,0.34,0.27,0.41,0.73
30-Sep-21,1.13,1.2,1.8,2.16,3.22,1.18,1.28,3.46,2.59,1.88,2.82,3.58,2.59,3.61,1.75,7.74,3.85,21.45,33.84,0.11,0.1,0.17,0.16,0.38,0.34,0.28,0.46,0.9
31-Aug-21,1.1,1.23,1.99,2.48,3.43,1.39,1.39,3.63,2.59,1.93,2.82,3.41,2.59,3.61,1.79,7.96,3.99,21.45,33.77,0.09,0.08,0.17,0.16,0.35,0.3,0.26,0.39,0.8
31-Jul-21,1.16,1.29,2.16,2.79,3.53,1.51,1.45,3.77,2.58,1.99,2.82,3.47,2.59,3.61,1.86,8.02,3.8,21.49,33.75,0.08,0.07,0.16,0.15,0.29,0.2,0.26,0.37,0.69
30-Jun-21,1.17,1.39,2.37,3.09,3.74,1.66,1.6,3.91,2.59,2.24,2.87,3.57,2.59,3.61,1.96,7.95,3.6,21.49,33.68,0.07,0.06,0.19,0.19,0.33,0.18,0.24,0.33,0.62
31-May-21,1.21,1.47,2.51,3.31,3.88,1.71,1.68,4.02,2.59,2.14,2.88,3.57,0,3.61,2,8.07,3.63,21.49,33.54,0.06,0.06,0.24,0.24,0.33,0.28,0.24,0.31,0.6
30-Apr-21,1.24,1.49,2.56,3.38,4.01,1.71,1.71,4.11,2.59,2.14,2.91,3.57,2.59,3.61,2.01,8.02,3.66,21.3,33.59,0.06,0.06,0.17,0.17,0.3,0.27,0.24,0.31,0.58
31-Mar-21,1.29,1.56,2.65,3.38,4.16,1.71,1.74,4.3,2.55,1.91,3.03,3.59,..,3.62,2.03,8.12,3.7,21.15,33.56,0.07,0.06,0.13,0.13,0.35,0.32,0.23,0.32,0.57
28-Feb-21,1.3,1.61,2.73,3.49,4.1,1.75,1.8,4.41,2.55,1.95,3.17,3.56,..,3.62,2.03,8.1,3.73,21.02,33.47,0.06,0.06,0.33,0.33,0.35,0.3,0.26,0.35,0.6
31-Jan-21,1.33,1.75,2.91,3.63,4.16,2.1,1.92,4.41,2.54,2.04,3.31,3.59,..,3.62,2.03,8.07,3.69,20.99,33.37,0.06,0.06,0.35,0.35,0.43,0.36,0.28,0.39,0.57
31-Dec-20,1.35,1.86,3.02,3.75,4.2,2.04,2,4.37,2.53,2.19,3.31,3.66,2.59,3.62,2.05,8.16,3.64,20.9,33.32,0.06,0.06,0.32,0.32,0.46,0.38,0.29,0.43,0.58
30-Nov-20,1.4,1.92,3.06,3.72,4.2,2.05,2.05,4.37,2.52,2.14,3.29,3.66,2.59,3.62,1.94,8.17,3.6,20.92,33.33,0.07,0.06,0.35,0.35,0.76,0.4,0.36,0.47,0.69
31-Oct-20,1.49,1.94,3,3.52,4.13,2.01,2.05,4.21,2.46,2.08,3.26,3.66,2.59,3.64,1.89,8.08,3.5,20.91,33.43,0.08,0.07,0.26,0.26,0.54,0.47,0.41,0.52,0.77
30-Sep-20,1.46,1.75,2.55,3.29,3.95,1.88,1.92,4.23,2.39,1.63,2.89,3.61,2.59,3.65,1.88,7.99,3.37,20.72,31.59,0.07,0.07,0.22,0.22,0.56,0.38,0.46,0.46,0.74
31-Aug-20,1.41,1.6,2.27,2.78,3.78,1.83,1.79,4.07,2.32,1.6,2.72,3.48,2.59,3.65,1.88,7.97,3.41,20.56,31.91,0.07,0.06,0.21,0.2,0.56,0.37,0.44,0.55,0.71
31-Jul-20,1.32,1.45,2.01,2.5,2.58,1.67,1.7,4.04,2.32,1.74,2.74,3.13,2.59,3.66,1.85,7.84,3.43,20.56,31.75,0.09,0.09,0.22,0.22,0.56,0.41,0.45,0.61,0.76
30-Jun-20,1.3,1.41,1.84,2.19,2.72,1.62,1.69,3.77,2.4,1.66,2.35,3.14,..,3.65,1.85,7.87,3.51,20.54,31.63,0.16,0.16,0.38,0.38,0.71,0.43,0.51,0.68,0.84
31-May-20,1.32,1.42,1.76,1.96,3.17,1.64,1.7,3.49,2.4,1.59,2.81,3.18,..,3.65,1.83,8.04,3.54,20.58,31.53,0.23,0.21,0.57,0.57,0.98,0.82,0.63,0.76,0.95
30-Apr-20,1.32,1.38,1.64,1.89,3.07,1.59,1.67,3.39,2.42,1.87,3.11,3.04,..,3.66,1.78,7.83,3.44,20.63,30.47,0.28,0.26,0.52,0.51,1.04,0.81,0.69,0.78,1.02
31-Mar-20,1.31,1.4,1.69,1.94,3.02,1.56,1.66,3.29,2.36,2.37,2.88,2.89,2.19,4.1,1.83,7.91,3.56,20.78,24.21,0.39,0.36,0.54,0.53,1.27,0.95,0.97,1.04,1.24
29-Feb-20,1.3,1.4,1.69,1.97,3.02,1.56,1.67,3.28,2.38,2.31,2.81,2.95,2.5,4.26,1.83,7.87,3.59,20.77,20.99,0.41,0.39,0.56,0.55,1.21,0.93,0.97,1.06,1.35
31-Jan-20,1.3,1.41,1.69,2.05,3.02,1.57,1.68,3.34,2.42,1.97,2.86,3.01,2.5,4.27,1.88,7.7,3.58,20.77,21.09,0.41,0.39,0.6,0.59,1.22,1.04,0.97,1.04,1.35
31-Dec-19,1.3,1.42,1.7,2.07,3,1.54,1.67,3.37,2.47,1.94,2.91,3.03,2.53,4.27,1.93,7.92,3.6,20.77,21.24,0.41,0.4,0.57,0.57,1.23,0.9,1.03,1.07,1.35
30-Nov-19,1.29,1.41,1.71,2.08,2.99,1.57,1.67,3.37,2.49,1.9,2.91,3.08,2.57,4.27,1.94,7.93,3.61,20.33,19.24,0.43,0.41,0.53,0.53,1.29,0.85,1.03,1.06,1.36
31-Oct-19,1.31,1.47,1.73,2.07,2.99,1.62,1.71,3.38,2.51,1.95,2.9,3.07,2.56,4.27,1.96,7.88,3.65,19.62,18.62,0.43,0.43,0.87,0.86,1.3,0.94,1.01,1.04,1.38
30-Sep-19,1.38,1.55,1.76,2.09,2.99,1.66,1.79,3.37,2.58,2.03,3.03,2.98,2.56,4.29,2.04,7.8,3.61,20.01,18.61,0.43,0.42,0.93,0.92,1.27,0.94,1.03,1.13,1.41
31-Aug-19,1.44,1.59,1.79,2.1,2.96,1.73,1.89,3.39,2.58,2.03,3.03,2.93,2.56,4.29,2.13,7.88,3.62,20.01,18.59,0.43,0.42,0.89,0.88,1.24,1.09,1.02,1.13,1.48
31-Jul-19,1.49,1.61,1.8,2.15,2.96,1.74,1.93,3.39,2.57,2.03,3.03,2.68,2.56,4.29,2.19,7.82,3.61,20.01,18.58,0.44,0.41,0.87,0.87,1.23,1.09,1.04,1.15,1.5
30-Jun-19,1.56,1.64,1.8,2.18,2.95,1.77,1.97,3.44,2.59,1.6,2.21,2.95,2.62,4.29,2.29,7.9,3.65,19.99,18.55,0.44,0.42,0.95,0.93,1.25,1.3,1.03,1.2,1.49
31-May-19,1.56,1.65,1.81,2.19,2.93,1.79,1.99,3.46,2.57,1.6,2.21,2.95,2.63,4.29,2.28,7.83,3.65,20,18.53,0.45,0.43,0.85,0.8,1.21,1.36,0.93,1.25,1.46
30-Apr-19,1.6,1.66,1.83,2.15,2.92,1.79,2,3.46,2.55,1.62,2.21,2.95,2.63,4.31,2.29,7.74,3.64,19.92,18.52,0.45,0.44,0.86,0.83,1.35,1.31,0.99,1.29,1.55
31-Mar-19,1.59,1.7,1.85,2.17,2.97,1.8,2.03,3.57,2.56,1.61,2.31,2.95,2.56,4.31,2.25,7.71,3.69,19.83,18.5,0.45,0.43,0.95,0.93,1.36,1.29,1,1.05,1.56
28-Feb-19,1.61,1.7,1.85,2.17,2.99,1.8,2.05,3.6,2.55,1.61,2.31,2.98,2.56,4.31,2.22,7.67,3.69,19.73,18.52,0.45,0.43,0.9,0.88,1.4,1.27,1.16,1.27,1.82
31-Jan-19,1.65,1.72,1.86,2.23,3.04,1.8,2.05,3.64,2.66,1.62,2.13,..,..,4.48,2.37,7.98,3.73,18.67,19.7,0.27,0.25,0.86,0.84,1.41,1.4,1.07,1.24,1.79
31-Dec-18,1.61,1.73,1.84,2.24,3.18,1.81,2.01,3.72,2.64,1.7,2.13,..,..,4.4,2.38,8.03,3.83,18.66,19.69,0.27,0.25,0.93,0.92,1.43,1.48,0.83,1.38,1.76
30-Nov-18,1.67,1.75,1.88,2.28,3.23,1.82,2.02,3.81,2.67,1.68,2.13,..,..,4.41,2.36,7.88,3.81,18.69,19.69,0.27,0.25,0.89,0.88,1.43,1.45,0.94,1.34,1.77
31-Oct-18,1.64,1.8,1.93,2.27,3.33,1.85,2.06,3.88,2.72,1.72,2.13,..,..,4.45,2.35,7.74,3.77,18.38,19.69,0.27,0.25,0.96,0.95,1.45,1.47,0.94,1.35,1.79
30-Sep-18,1.65,1.71,1.93,2.12,3.38,1.81,2.01,3.94,2.68,1.68,2.11,..,..,4.39,2.33,7.88,3.81,18.46,19.69,0.27,0.25,0.85,0.84,1.42,1.38,0.87,1.41,1.84
31-Aug-18,1.7,1.75,1.97,2.28,3.61,1.82,2.03,4.15,2.7,1.7,2.1,..,..,4.35,2.24,7.82,3.77,18.47,19.68,0.22,0.2,0.76,0.75,1.31,1.32,0.84,1.38,1.55
31-Jul-18,1.73,1.75,1.99,2.3,3.78,1.82,2.04,4.29,2.76,1.54,1.88,..,..,4.1,2.27,7.76,3.76,18.35,19.68,0.21,0.2,0.68,0.68,1.34,1.23,0.87,1.32,1.62
30-Jun-18,1.68,1.74,2.08,2.37,3.95,1.8,2.03,4.39,2.74,1.56,1.83,..,..,4.06,2.28,8.09,3.83,18.26,19.68,0.21,0.19,0.68,0.67,1.3,1.26,0.85,1.3,1.57
31-May-18,1.69,1.74,2.06,2.34,3.95,1.83,2.06,4.43,2.76,1.59,1.87,..,..,4.16,2.26,8.04,3.73,18.24,19.67,0.2,0.19,0.63,0.62,1.2,1.24,0.8,1.14,1.67
30-Apr-18,1.73,1.72,1.85,2.36,3.9,1.81,2.01,4.37,2.78,1.64,1.85,..,..,4.17,2.28,8.14,3.81,18.26,19.67,0.2,0.19,0.68,0.67,1.17,1.06,0.78,1.02,1.53
31-Mar-18,1.52,1.53,1.76,2.2,3.77,1.77,2.02,4.44,2.76,1.58,1.85,..,..,4.14,2.33,7.98,3.8,17.92,19.66,0.21,0.19,0.88,0.88,1.24,1.37,0.79,1.04,1.31
28-Feb-18,1.45,1.49,1.71,2.21,3.82,1.75,1.99,4.5,2.71,1.61,1.85,..,..,4.23,2.32,8.04,3.82,17.92,19.67,0.2,0.19,0.86,0.86,1.12,1.32,0.81,1.05,1.34
31-Jan-18,1.42,1.54,1.64,2.17,3.82,1.7,1.98,4.49,2.66,1.72,1.91,..,..,4.21,2.3,8.33,3.85,17.92,19.67,0.2,0.19,0.94,0.94,1.26,1.38,0.75,1.07,1.35
31-Dec-17,1.41,1.57,1.69,2.21,3.89,1.7,2.07,4.54,2.66,1.69,..,..,..,4.54,2.49,8.33,3.85,17.95,19.66,0.21,0.19,0.36,0.36,1.19,1.26,0.69,1.16,1.49
30-Nov-17,1.45,1.61,1.68,2.36,3.97,1.68,2.04,4.58,2.67,1.69,..,..,..,4.34,2.52,8.34,3.81,17.96,19.66,0.12,0.1,0.29,0.29,1.23,1.37,0.72,1.34,1.54
31-Oct-17,1.44,1.55,1.66,2.36,4.02,1.7,2.04,4.71,2.67,1.46,..,..,..,4.31,2.52,8.11,3.78,17.95,19.72,0.12,0.09,0.27,0.27,1.42,1.5,0.74,1.16,1.49
30-Sep-17,1.23,1.4,1.57,2.31,4.01,1.6,1.9,4.68,2.72,1.46,..,..,..,4.31,2.52,8.2,3.74,17.97,19.72,0.14,0.11,0.3,0.29,1.19,1.14,0.78,1.26,1.62
31-Aug-17,1.24,1.43,1.58,2.33,4.02,1.62,1.96,4.63,2.77,1.39,..,..,..,4.32,2.55,7.91,3.79,17.96,19.72,0.14,0.12,0.35,0.34,1.11,1.1,0.86,1.16,1.78
31-Jul-17,1.23,1.41,1.57,2.37,4.07,1.81,1.97,4.67,2.77,1.38,..,..,..,4.51,2.63,8.04,3.79,17.96,19.71,0.14,0.12,0.33,0.32,0.97,1,0.79,1.08,1.6
30-Jun-17,1.38,1.48,1.65,2.5,4.2,1.7,1.99,4.74,2.82,1.42,..,..,..,4.28,2.61,7.87,3.76,17.96,19.71,0.15,0.12,0.34,0.33,0.98,0.91,0.73,1.05,1.62
31-May-17,1.29,1.49,1.65,2.5,4.19,1.73,2.03,4.72,2.83,1.46,..,..,2.34,4.23,2.62,7.76,3.79,17.89,19.71,0.15,0.13,0.41,0.39,0.96,0.76,0.73,1,1.43
30-Apr-17,1.24,1.35,1.62,2.43,4.04,1.65,2.09,4.7,2.78,1.39,2.45,..,2.33,4.54,2.54,7.85,3.81,17.97,19.7,0.15,0.13,0.45,0.42,0.99,0.98,0.66,0.9,1.19
31-Mar-17,1.28,1.37,1.67,2.48,3.99,1.68,2.15,4.7,2.8,1.42,2.41,..,2.31,4.28,2.62,9.54,3.73,17.96,19.7,0.15,0.13,0.43,0.41,0.74,0.93,0.62,0.85,1.22
28-Feb-17,1.35,1.42,1.71,2.45,3.8,1.7,2.2,4.62,2.91,1.48,2.43,..,2.31,4.37,2.74,8.81,3.66,17.96,19.7,0.15,0.13,0.44,0.42,0.91,0.9,0.67,0.78,1.19
31-Jan-17,1.33,1.45,1.78,2.5,3.62,1.75,2.22,4.58,2.93,1.49,2.46,..,2.3,4.49,2.82,9.45,3.69,17.96,19.71,0.15,0.12,0.4,0.4,0.89,0.82,0.6,0.85,1.15
31-Dec-16,1.35,1.45,1.75,2.53,3.62,1.79,2.26,4.6,2.98,1.48,2.4,..,2.29,4.23,2.86,9.49,3.74,17.96,19.7,0.15,0.12,0.49,0.46,0.85,0.71,0.64,1,1.23
30-Nov-16,1.32,1.43,1.74,2.49,3.66,1.79,2.25,4.6,2.78,1.52,2.41,..,2.29,4.28,2.93,9.07,3.76,17.96,19.71,0.25,0.22,0.59,0.59,0.9,0.78,0.7,0.95,1.21
31-Oct-16,1.38,1.52,1.83,2.42,3.73,1.83,2.27,4.56,2.75,1.52,2.4,..,2.2,4.24,2.98,9.06,3.75,17.95,19.7,0.26,0.22,0.64,0.63,0.85,0.9,0.68,0.94,1.04
30-Sep-16,1.45,1.59,1.85,2.42,3.84,1.92,2.34,4.62,2.84,1.54,2.4,..,2.2,4.24,2.97,9.59,4.11,17.94,19.7,0.28,0.24,0.65,0.63,0.8,0.84,0.79,1,1.26
31-Aug-16,1.59,1.69,1.92,2.55,3.88,2.02,2.39,4.64,3.04,1.52,2.34,..,2.18,4.3,3.15,9.13,4.14,17.93,19.71,0.28,0.25,0.7,0.67,1.09,0.94,0.86,1.11,1.27
31-Jul-16,1.73,1.72,1.9,2.57,3.85,2.09,2.51,4.65,3.05,1.72,2.62,..,2.43,4.55,3.13,9.19,4.13,17.96,19.68,0.34,0.3,0.81,0.78,1.06,1.07,0.93,1.2,1.44
30-Jun-16,1.71,1.75,1.99,2.64,3.88,2.13,2.54,4.65,3.1,1.62,2.55,..,2.43,4.52,3.15,9.27,4.28,17.94,19.68,0.4,0.3,0.85,0.8,1.07,1.16,0.98,1.35,1.59
31-May-16,1.7,1.91,2.18,2.75,3.93,2.12,2.64,4.68,3.15,1.61,2.66,..,2.43,4.56,3.21,9.41,4.33,17.93,19.67,0.4,0.3,0.87,0.8,1.07,1.16,0.91,1.2,1.64
30-Apr-16,1.67,1.84,2.17,2.71,3.92,2.13,2.71,4.71,3.12,1.67,2.69,..,2.34,4.64,3.21,9.27,4.3,17.96,19.67,0.44,0.3,0.92,0.8,1.1,1.26,0.87,1.15,1.57
31-Mar-16,1.62,1.9,2.17,2.87,3.92,2.14,2.7,4.68,3.19,1.67,2.68,..,2.3,4.57,3.19,9.44,4.38,17.94,19.67,0.46,0.33,0.87,0.76,1.26,1.24,1.04,1.08,1.61
29-Feb-16,1.68,1.95,2.26,2.88,3.99,2.14,2.73,4.7,3.2,1.68,2.68,..,2.44,4.58,3.19,8.95,4.27,17.94,19.67,0.46,0.33,0.91,0.84,1.38,1.22,1.07,1.12,1.67
31-Jan-16,1.7,1.93,2.3,2.85,3.95,2.19,2.68,4.71,3.27,1.68,2.67,..,2.43,4.56,3.24,9.11,4.29,17.96,19.67,0.47,0.37,0.86,0.79,1.4,1.54,1.08,1.24,1.95
31-Dec-15,1.7,1.9,2.22,2.87,4.06,2.26,2.75,4.82,3.36,1.78,2.65,..,2.6,4.49,3.36,8.39,4.45,17.93,19.7,0.48,0.38,0.85,0.68,1.17,1.35,1.16,1.31,2.02
30-Nov-15,1.67,1.92,2.21,2.88,4.13,2.27,2.77,4.85,3.37,1.78,2.5,..,2.59,4.49,3.36,8.14,4.44,17.94,19.68,0.54,0.39,0.99,0.77,1.38,1.48,1.28,1.35,2.08
31-Oct-15,1.63,1.87,2.2,2.89,4.22,2.3,2.78,4.89,3.29,1.78,2.53,..,2.55,4.54,3.47,7.77,4.37,17.95,19.67,0.54,0.39,0.99,0.77,1.39,1.64,1.27,1.46,2.03
30-Sep-15,1.64,1.91,2.23,3.03,4.22,2.4,2.84,4.88,3.35,1.74,2.85,..,2.56,4.5,3.53,7.73,4.33,17.93,19.68,0.54,0.39,0.98,0.79,1.52,1.64,1.32,1.54,2.09
31-Aug-15,1.65,1.95,2.29,3.15,4.36,2.55,2.92,4.97,3.33,1.72,2.85,..,2.62,4.48,3.54,7.48,4.25,17.91,19.67,0.55,0.39,1.01,0.88,1.51,1.62,1.32,1.55,2.07
31-Jul-15,1.6,1.87,2.33,3.26,4.32,2.54,2.83,4.97,3.34,1.7,2.88,..,2.58,4.5,3.54,7.87,4.25,17.9,19.67,0.54,0.39,1.01,0.87,1.43,1.62,1.34,1.56,2.01
30-Jun-15,1.6,1.83,2.3,3.34,4.39,2.54,2.82,4.96,3.24,1.66,2.89,..,2.59,4.49,3.64,8.82,4.28,17.84,19.67,0.54,0.38,1.01,0.86,1.46,1.48,1.32,1.51,1.97
31-May-15,1.64,1.9,2.51,3.53,4.57,2.56,2.86,4.96,3.28,1.56,2.76,..,2.57,4.55,3.61,8.91,4.33,17.87,19.67,0.56,0.4,1.01,0.87,1.4,1.52,1.18,1.39,1.76
30-Apr-15,1.65,1.95,2.53,3.53,4.58,2.57,2.92,4.98,3.49,1.55,..,..,2.6,4.53,3.66,8.97,4.34,17.85,19.67,0.56,0.38,1.03,0.82,1.41,1.56,1.21,1.43,1.79
31-Mar-15,1.59,1.99,2.59,3.74,4.72,2.63,2.98,4.98,3.47,1.56,..,..,2.52,4.51,3.74,8.78,4.41,17.84,19.67,0.55,0.38,1.02,0.82,1.41,1.57,1.23,1.43,1.87
28-Feb-15,1.67,1.96,2.66,3.77,4.67,2.62,3.05,5.02,3.67,1.61,..,..,2.51,4.51,3.66,8.79,4.51,17.85,19.67,0.55,0.38,1.02,0.83,1.41,1.56,1.26,1.45,1.82
31-Jan-15,1.81,2.01,2.69,3.71,4.74,2.86,3.09,5.06,3.95,1.6,..,..,2.88,4.56,3.61,8.98,4.8,17.85,19.67,0.55,0.38,1.02,0.84,1.43,1.59,1.28,1.48,1.93
31-Dec-14,1.9,2.08,2.84,3.89,5.27,2.89,3.21,5.43,4,1.6,..,..,2.89,4.48,3.68,8.78,4.93,17.75,19.66,0.57,0.42,1.05,0.84,1.41,1.62,1.34,1.55,2.04
30-Nov-14,1.95,2.17,2.87,3.84,5.27,2.89,3.21,5.52,4.04,1.81,..,..,2.97,4.49,3.67,8.82,4.92,17.81,19.67,0.57,0.42,1.09,0.84,1.46,1.7,1.36,1.57,2.04
31-Oct-14,1.94,2.21,3.02,3.98,5.2,2.92,3.27,5.58,4.04,1.88,..,..,2.94,4.53,3.65,8.62,5.01,17.54,19.67,0.63,0.44,1.09,0.85,1.49,1.71,1.27,1.6,2
30-Sep-14,2.08,2.46,3.13,4.23,5.28,2.94,3.61,5.63,4.06,2.44,..,..,2.94,4.52,3.68,9.2,4.96,17.47,19.67,0.62,0.42,1.09,0.85,1.5,1.68,1.25,1.54,2.08
31-Aug-14,2.19,2.54,3.39,4.34,5.28,3.01,3.76,5.58,4.36,2.74,..,..,2.88,4.45,3.76,9.68,5.12,17.39,19.67,0.62,0.43,1.09,0.84,1.5,1.71,1.22,1.52,1.99
31-Jul-14,2.24,2.54,3.44,4.47,5.33,3.02,3.78,5.58,..,2.74,..,..,2.91,4.45,3.84,9.66,5.13,17.37,19.67,0.62,0.43,1.19,0.89,1.5,1.76,1.23,1.52,2.04
30-Jun-14,2.19,2.6,3.44,4.5,5.32,3.01,3.69,5.58,..,2.71,..,..,2.76,4.36,3.89,9.78,5.23,17.36,19.66,0.72,0.48,1.17,0.9,1.49,1.75,1.27,1.61,1.99
31-May-14,2.11,2.56,3.41,4.49,5.2,2.99,3.72,5.57,..,2.72,..,..,2.84,4.42,3.87,9.86,5.29,17.37,19.61,0.73,0.49,1.19,0.93,1.48,1.8,1.24,1.62,1.97
30-Apr-14,2.07,2.54,3.36,4.48,5.14,2.96,3.69,5.55,..,2.73,3.81,..,2.8,4.43,4.02,9.86,5.45,17.32,19.54,0.73,0.49,1.31,0.89,1.54,1.9,1.37,1.63,1.92
31-Mar-14,1.9,2.37,3.35,4.38,5.06,2.97,3.48,5.46,..,2.68,..,..,2.81,4.43,4.12,9.75,5.4,17.31,19.54,0.73,0.49,1.4,0.98,1.55,1.94,1.45,1.66,1.97
28-Feb-14,1.87,2.38,3.24,4.39,5.05,2.96,3.45,5.45,..,2.82,4.49,..,2.83,4.43,4.05,9.72,5.33,18.31,19.55,0.73,0.49,1.18,0.89,1.5,1.68,1.42,1.7,2.01
31-Jan-14,1.88,2.37,3.15,4.34,5.05,2.93,3.34,5.44,..,2.76,..,..,2.96,4.41,4.07,9.89,5.56,18.17,19.54,0.76,0.47,1.17,0.6,1.5,1.67,1.46,1.67,2.03
31-Dec-13,1.95,2.4,3.38,4.36,5.08,2.9,3.34,5.35,..,2.77,..,..,2.92,4.39,4.05,10.08,5.74,18.14,19.54,0.81,0.5,1.09,0.6,1.5,1.75,1.47,1.81,2.14
30-Nov-13,1.95,2.44,3.4,4.41,5.04,2.91,3.36,5.32,..,2.83,..,..,3.03,4.41,4.12,10.9,5.76,18.13,19.54,0.75,0.44,1.17,0.68,1.54,1.91,1.47,1.98,2.27
31-Oct-13,1.98,2.48,3.44,4.42,5.1,2.89,3.37,..,..,2.91,..,..,3.14,4.37,4.19,10.36,6.25,17.88,19.54,0.75,0.44,1.26,0.67,1.61,1.93,1.47,2.01,2.32
30-Sep-13,2,2.54,3.48,4.56,..,2.91,3.4,..,..,2.97,..,..,3.19,4.35,4.21,10.3,6.13,17.88,19.54,0.75,0.44,1.26,0.61,1.67,1.95,1.5,1.87,2.21
31-Aug-13,2.07,2.58,3.57,4.52,..,2.87,3.35,..,..,2.8,..,..,3.26,4.36,4.21,10.11,6.18,17.87,19.54,0.75,0.44,1.26,0.62,1.74,2.02,1.56,1.93,2.29
31-Jul-13,2.07,2.62,3.66,4.58,..,2.96,3.39,..,..,2.85,..,..,3.28,4.37,4.21,10.91,6.1,17.89,19.55,0.76,0.45,1.26,0.61,1.75,2.07,1.62,1.95,2.32
30-Jun-13,2.09,2.63,3.94,4.59,..,2.95,3.41,..,..,2.91,..,..,3.56,4.38,4.25,11.15,6.62,17.84,19.55,0.83,0.56,1.32,0.68,1.78,2.15,1.49,1.72,2.01
31-May-13,2.16,2.69,4.04,4.61,..,3,3.44,..,..,2.93,..,..,3.55,4.38,4.17,11.77,6.64,17.85,19.55,0.83,0.56,1.4,0.69,1.74,2.14,1.69,1.93,2.21
30-Apr-13,2.25,2.87,3.89,4.67,..,2.98,3.61,..,..,2.98,..,..,3.55,4.35,4.28,11.7,6.65,17.71,19.54,0.98,0.55,1.9,0.81,1.9,2.11,1.73,1.92,2.25
31-Mar-13,2.26,2.9,3.9,4.67,..,3.3,3.63,..,..,3.08,..,..,3.56,4.34,4.69,11.77,6.69,17.69,19.54,0.98,0.55,1.94,0.81,2.01,2.48,1.75,2.15,2.23
28-Feb-13,2.34,2.92,3.9,4.73,..,3.28,3.62,..,4.49,3.09,..,..,3.59,4.38,4.51,12.16,6.89,17.69,19.55,1.03,0.51,1.84,0.84,2.01,2.37,1.98,2.29,2.55
31-Jan-13,2.38,3.11,3.96,4.86,..,3.43,3.71,..,..,3.36,..,..,3.57,4.38,4.59,12.32,6.93,17.61,19.55,1.05,0.53,1.78,0.85,2.02,2.31,1.91,2.3,2.6
31-Dec-12,2.5,3.35,4.21,5.39,..,3.67,3.91,..,..,3.44,..,..,3.66,4.35,4.95,12.37,7.06,17.33,19.65,1.05,0.48,1.85,0.88,2.16,2.44,2.18,2.45,2.75
30-Nov-12,2.45,3.43,4.5,5.64,..,3.75,3.92,..,..,3.47,..,..,3.66,4.32,4.8,14.03,7.3,17.32,19.65,1.07,0.47,2.03,1.26,2.2,2.58,2.2,2.49,2.99
31-Oct-12,2.6,3.49,4.62,5.64,..,3.88,3.96,..,..,3.49,..,..,3.64,4.32,5.06,13.44,7.48,17.33,19.65,1.42,0.48,2.21,1.27,2.34,2.7,2.32,2.71,3.1
30-Sep-12,2.99,3.67,4.59,5.85,..,4.05,4.07,..,..,3.52,..,..,3.59,4.29,5.08,13.44,7.45,17.25,19.52,1.53,0.48,2.39,1,2.54,2.98,2.49,2.86,3.37
31-Aug-12,3.09,3.69,4.6,5.93,..,4.01,4.11,..,..,3.54,..,..,3.64,4.27,5.36,13.12,7.83,17.26,19.53,1.53,0.48,2.52,1.41,2.53,3.11,2.51,3.08,3.66
31-Jul-12,3.14,3.67,4.53,5.83,..,3.97,4.18,..,..,3.51,..,..,3.62,4.24,5.38,13.11,7.83,17.26,19.53,1.55,0.48,2.57,1.41,2.63,3.22,2.66,3.17,3.62
30-Jun-12,3.27,3.74,4.68,5.7,..,4.09,4.3,..,..,3.53,..,..,3.65,4.22,5.36,13.3,7.97,17.25,19.51,1.55,0.48,2.57,1.42,2.66,3.33,2.76,3.24,3.67
31-May-12,3.22,3.68,4.68,6.07,..,4.1,4.28,..,..,3.53,5.69,..,3.6,4.16,5.29,13.31,7.93,17.26,19.51,1.53,0.48,2.7,1.5,2.72,3.5,2.73,3.2,3.62
30-Apr-12,3.15,3.66,4.47,5.79,..,4.03,4.29,..,..,3.41,5.49,..,3.6,4.1,5.29,13.04,7.9,17.25,19.51,1.54,0.48,2.84,1.51,2.78,3.68,2.71,3.25,3.7
31-Mar-12,3.03,3.44,4.29,5.76,..,3.91,4.19,..,..,3.26,..,..,3.57,4.1,5.21,13.08,7.92,17.31,19.51,1.54,0.48,2.83,1.52,2.77,3.68,2.49,3.18,3.63
29-Feb-12,3.02,3.37,4.1,5.6,..,3.86,4.17,..,..,3.24,..,..,3.5,4.14,5.26,12.91,7.84,17.31,19.51,1.55,0.48,2.57,1.54,2.51,3.42,2.51,3.28,3.71
31-Jan-12,2.76,3.27,4.04,5.53,..,3.77,4.18,..,..,3.2,5.27,..,3.57,4.18,5.28,13.22,8.61,17.32,19.5,1.54,0.48,2.41,1.42,2.6,3.45,2.48,3.3,3.85
